Var1	Var2
0	0
0.01	0
0.02	0
0.03	0
0.04	0
0.05	0
0.06	0
0.07	0
0.08	0
0.09	0
0.1	0
0.11	0
0.12	0
0.13	0
0.14	0
0.15	0
0.16	0
0.17	0
0.18	0
0.19	0
0.2	0
0.21	0
0.22	0
0.23	0
0.24	0
0.25	0
0.26	0
0.27	0
0.28	0
0.29	0
0.3	0
0.31	0
0.32	0
0.33	0
0.34	0
0.35	0
0.36	0
0.37	0
0.38	0
0.39	0
0.4	0
0.41	0
0.42	0
0.43	0
0.44	0
0.45	0
0.46	0
0.47	0
0.48	0
0.49	0
0.5	0
0.51	0
0.52	0
0.53	0
0.54	0
0.55	0
0.56	0
0.57	0
0.58	0
0.59	0
0.6	0
0.61	0
0.62	0
0.63	0
0.64	0
0.65	0
0.66	0
0.67	0
0.68	0
0.69	0
0.7	0
0.71	0
0.72	0
0.73	0
0.74	0
0.75	0
0.76	0
0.77	0
0.78	0
0.79	0
0.8	0
0.81	0
0.82	0
0.83	0
0.84	0
0.85	0
0.86	0
0.87	0
0.88	0
0.89	0
0.9	0
0.91	0
0.92	0
0.93	0
0.94	0
0.95	0
0.96	0
0.97	0
0.98	0
0.99	0
1	1
1.01	1
1.02	1
1.03	1
1.04	1
1.05	1
1.06	1
1.07	1
1.08	1
1.09	1
1.1	1
1.11	1
1.12	1
1.13	1
1.14	1
1.15	1
1.16	1
1.17	1
1.18	1
1.19	1
1.2	1
1.21	1
1.22	1
1.23	1
1.24	1
1.25	1
1.26	1
1.27	1
1.28	1
1.29	1
1.3	1
1.31	1
1.32	1
1.33	1
1.34	1
1.35	1
1.36	1
1.37	1
1.38	1
1.39	1
1.4	1
1.41	1
1.42	1
1.43	1
1.44	1
1.45	1
1.46	1
1.47	1
1.48	1
1.49	1
1.5	1
1.51	1
1.52	1
1.53	1
1.54	1
1.55	1
1.56	1
1.57	1
1.58	1
1.59	1
1.6	1
1.61	1
1.62	1
1.63	1
1.64	1
1.65	1
1.66	1
1.67	1
1.68	1
1.69	1
1.7	1
1.71	1
1.72	1
1.73	1
1.74	1
1.75	1
1.76	1
1.77	1
1.78	1
1.79	1
1.8	1
1.81	1
1.82	1
1.83	1
1.84	1
1.85	1
1.86	1
1.87	1
1.88	1
1.89	1
1.9	1
1.91	1
1.92	1
1.93	1
1.94	1
1.95	1
1.96	1
1.97	1
1.98	1
1.99	1
2	1
2.01	1
2.02	1
2.03	1
2.04	1
2.05	1
2.06	1
2.07	1
2.08	1
2.09	1
2.1	1
2.11	1
2.12	1
2.13	1
2.14	1
2.15	1
2.16	1
2.17	1
2.18	1
2.19	1
2.2	1
2.21	1
2.22	1
2.23	1
2.24	1
2.25	1
2.26	1
2.27	1
2.28	1
2.29	1
2.3	1
2.31	1
2.32	1
2.33	1
2.34	1
2.35	1
2.36	1
2.37	1
2.38	1
2.39	1
2.4	1
2.41	1
2.42	1
2.43	1
2.44	1
2.45	1
2.46	1
2.47	1
2.48	1
2.49	1
2.5	1
2.51	1
2.52	1
2.53	1
2.54	1
2.55	1
2.56	1
2.57	1
2.58	1
2.59	1
2.6	1
2.61	1
2.62	1
2.63	1
2.64	1
2.65	1
2.66	1
2.67	1
2.68	1
2.69	1
2.7	1
2.71	1
2.72	1
2.73	1
2.74	1
2.75	1
2.76	1
2.77	1
2.78	1
2.79	1
2.8	1
2.81	1
2.82	1
2.83	1
2.84	1
2.85	1
2.86	1
2.87	1
2.88	1
2.89	1
2.9	1
2.91	1
2.92	1
2.93	1
2.94	1
2.95	1
2.96	1
2.97	1
2.98	1
2.99	1
3	1
3.01	1
3.02	1
3.03	1
3.04	1
3.05	1
3.06	1
3.07	1
3.08	1
3.09	1
3.1	1
3.11	1
3.12	1
3.13	1
3.14	1
3.15	1
3.16	1
3.17	1
3.18	1
3.19	1
3.2	1
3.21	1
3.22	1
3.23	1
3.24	1
3.25	1
3.26	1
3.27	1
3.28	1
3.29	1
3.3	1
3.31	1
3.32	1
3.33	1
3.34	1
3.35	1
3.36	1
3.37	1
3.38	1
3.39	1
3.4	1
3.41	1
3.42	1
3.43	1
3.44	1
3.45	1
3.46	1
3.47	1
3.48	1
3.49	1
3.5	1
3.51	1
3.52	1
3.53	1
3.54	1
3.55	1
3.56	1
3.57	1
3.58	1
3.59	1
3.6	1
3.61	1
3.62	1
3.63	1
3.64	1
3.65	1
3.66	1
3.67	1
3.68	1
3.69	1
3.7	1
3.71	1
3.72	1
3.73	1
3.74	1
3.75	1
3.76	1
3.77	1
3.78	1
3.79	1
3.8	1
3.81	1
3.82	1
3.83	1
3.84	1
3.85	1
3.86	1
3.87	1
3.88	1
3.89	1
3.9	1
3.91	1
3.92	1
3.93	1
3.94	1
3.95	1
3.96	1
3.97	1
3.98	1
3.99	1
4	1
4.01	1
4.02	1
4.03	1
4.04	1
4.05	1
4.06	1
4.07	1
4.08	1
4.09	1
4.1	1
4.11	1
4.12	1
4.13	1
4.14	1
4.15	1
4.16	1
4.17	1
4.18	1
4.19	1
4.2	1
4.21	1
4.22	1
4.23	1
4.24	1
4.25	1
4.26	1
4.27	1
4.28	1
4.29	1
4.3	1
4.31	1
4.32	1
4.33	1
4.34	1
4.35	1
4.36	1
4.37	1
4.38	1
4.39	1
4.4	1
4.41	1
4.42	1
4.43	1
4.44	1
4.45	1
4.46	1
4.47	1
4.48	1
4.49	1
4.5	1
4.51	1
4.52	1
4.53	1
4.54	1
4.55	1
4.56	1
4.57	1
4.58	1
4.59	1
4.6	1
4.61	1
4.62	1
4.63	1
4.64	1
4.65	1
4.66	1
4.67	1
4.68	1
4.69	1
4.7	1
4.71	1
4.72	1
4.73	1
4.74	1
4.75	1
4.76	1
4.77	1
4.78	1
4.79	1
4.8	1
4.81	1
4.82	1
4.83	1
4.84	1
4.85	1
4.86	1
4.87	1
4.88	1
4.89	1
4.9	1
4.91	1
4.92	1
4.93	1
4.94	1
4.95	1
4.96	1
4.97	1
4.98	1
4.99	1
5	1
5.01	1
5.02	1
5.03	1
5.04	1
5.05	1
5.06	1
5.07	1
5.08	1
5.09	1
5.1	1
5.11	1
5.12	1
5.13	1
5.14	1
5.15	1
5.16	1
5.17	1
5.18	1
5.19	1
5.2	1
5.21	1
5.22	1
5.23	1
5.24	1
5.25	1
5.26	1
5.27	1
5.28	1
5.29	1
5.3	1
5.31	1
5.32	1
5.33	1
5.34	1
5.35	1
5.36	1
5.37	1
5.38	1
5.39	1
5.4	1
5.41	1
5.42	1
5.43	1
5.44	1
5.45	1
5.46	1
5.47	1
5.48	1
5.49	1
5.5	1
5.51	1
5.52	1
5.53	1
5.54	1
5.55	1
5.56	1
5.57	1
5.58	1
5.59	1
5.6	1
5.61	1
5.62	1
5.63	1
5.64	1
5.65	1
5.66	1
5.67	1
5.68	1
5.69	1
5.7	1
5.71	1
5.72	1
5.73	1
5.74	1
5.75	1
5.76	1
5.77	1
5.78	1
5.79	1
5.8	1
5.81	1
5.82	1
5.83	1
5.84	1
5.85	1
5.86	1
5.87	1
5.88	1
5.89	1
5.9	1
5.91	1
5.92	1
5.93	1
5.94	1
5.95	1
5.96	1
5.97	1
5.98	1
5.99	1
6	1
6.01	1
6.02	1
6.03	1
6.04	1
6.05	1
6.06	1
6.07	1
6.08	1
6.09	1
6.1	1
6.11	1
6.12	1
6.13	1
6.14	1
6.15	1
6.16	1
6.17	1
6.18	1
6.19	1
6.2	1
6.21	1
6.22	1
6.23	1
6.24	1
6.25	1
6.26	1
6.27	1
6.28	1
6.29	1
6.3	1
6.31	1
6.32	1
6.33	1
6.34	1
6.35	1
6.36	1
6.37	1
6.38	1
6.39	1
6.4	1
6.41	1
6.42	1
6.43	1
6.44	1
6.45	1
6.46	1
6.47	1
6.48	1
6.49	1
6.5	1
6.51	1
6.52	1
6.53	1
6.54	1
6.55	1
6.56	1
6.57	1
6.58	1
6.59	1
6.6	1
6.61	1
6.62	1
6.63	1
6.64	1
6.65	1
6.66	1
6.67	1
6.68	1
6.69	1
6.7	1
6.71	1
6.72	1
6.73	1
6.74	1
6.75	1
6.76	1
6.77	1
6.78	1
6.79	1
6.8	1
6.81	1
6.82	1
6.83	1
6.84	1
6.85	1
6.86	1
6.87	1
6.88	1
6.89	1
6.9	1
6.91	1
6.92	1
6.93	1
6.94	1
6.95	1
6.96	1
6.97	1
6.98	1
6.99	1
7	1
7.01	1
7.02	1
7.03	1
7.04	1
7.05	1
7.06	1
7.07	1
7.08	1
7.09	1
7.1	1
7.11	1
7.12	1
7.13	1
7.14	1
7.15	1
7.16	1
7.17	1
7.18	1
7.19	1
7.2	1
7.21	1
7.22	1
7.23	1
7.24	1
7.25	1
7.26	1
7.27	1
7.28	1
7.29	1
7.3	1
7.31	1
7.32	1
7.33	1
7.34	1
7.35	1
7.36	1
7.37	1
7.38	1
7.39	1
7.4	1
7.41	1
7.42	1
7.43	1
7.44	1
7.45	1
7.46	1
7.47	1
7.48	1
7.49	1
7.5	1
7.51	1
7.52	1
7.53	1
7.54	1
7.55	1
7.56	1
7.57	1
7.58	1
7.59	1
7.6	1
7.61	1
7.62	1
7.63	1
7.64	1
7.65	1
7.66	1
7.67	1
7.68	1
7.69	1
7.7	1
7.71	1
7.72	1
7.73	1
7.74	1
7.75	1
7.76	1
7.77	1
7.78	1
7.79	1
7.8	1
7.81	1
7.82	1
7.83	1
7.84	1
7.85	1
7.86	1
7.87	1
7.88	1
7.89	1
7.9	1
7.91	1
7.92	1
7.93	1
7.94	1
7.95	1
7.96	1
7.97	1
7.98	1
7.99	1
8	1
8.01	1
8.02	1
8.03	1
8.04	1
8.05	1
8.06	1
8.07	1
8.08	1
8.09	1
8.1	1
8.11	1
8.12	1
8.13	1
8.14	1
8.15	1
8.16	1
8.17	1
8.18	1
8.19	1
8.2	1
8.21	1
8.22	1
8.23	1
8.24	1
8.25	1
8.26	1
8.27	1
8.28	1
8.29	1
8.3	1
8.31	1
8.32	1
8.33	1
8.34	1
8.35	1
8.36	1
8.37	1
8.38	1
8.39	1
8.4	1
8.41	1
8.42	1
8.43	1
8.44	1
8.45	1
8.46	1
8.47	1
8.48	1
8.49	1
8.5	1
8.51	1
8.52	1
8.53	1
8.54	1
8.55	1
8.56	1
8.57	1
8.58	1
8.59	1
8.6	1
8.61	1
8.62	1
8.63	1
8.64	1
8.65	1
8.66	1
8.67	1
8.68	1
8.69	1
8.7	1
8.71	1
8.72	1
8.73	1
8.74	1
8.75	1
8.76	1
8.77	1
8.78	1
8.79	1
8.8	1
8.81	1
8.82	1
8.83	1
8.84	1
8.85	1
8.86	1
8.87	1
8.88	1
8.89	1
8.9	1
8.91	1
8.92	1
8.93	1
8.94	1
8.95	1
8.96	1
8.97	1
8.98	1
8.99	1
9	1
9.01	1
9.02	1
9.03	1
9.04	1
9.05	1
9.06	1
9.07	1
9.08	1
9.09	1
9.1	1
9.11	1
9.12	1
9.13	1
9.14	1
9.15	1
9.16	1
9.17	1
9.18	1
9.19	1
9.2	1
9.21	1
9.22	1
9.23	1
9.24	1
9.25	1
9.26	1
9.27	1
9.28	1
9.29	1
9.3	1
9.31	1
9.32	1
9.33	1
9.34	1
9.35	1
9.36	1
9.37	1
9.38	1
9.39	1
9.4	1
9.41	1
9.42	1
9.43	1
9.44	1
9.45	1
9.46	1
9.47	1
9.48	1
9.49	1
9.5	1
9.51	1
9.52	1
9.53	1
9.54	1
9.55	1
9.56	1
9.57	1
9.58	1
9.59	1
9.6	1
9.61	1
9.62	1
9.63	1
9.64	1
9.65	1
9.66	1
9.67	1
9.68	1
9.69	1
9.7	1
9.71	1
9.72	1
9.73	1
9.74	1
9.75	1
9.76	1
9.77	1
9.78	1
9.79	1
9.8	1
9.81	1
9.82	1
9.83	1
9.84	1
9.85	1
9.86	1
9.87	1
9.88	1
9.89	1
9.9	1
9.91	1
9.92	1
9.93	1
9.94	1
9.95	1
9.96	1
9.97	1
9.98	1
9.99	1
10	1
10.01	1
10.02	1
10.03	1
10.04	1
10.05	1
10.06	1
10.07	1
10.08	1
10.09	1
10.1	1
10.11	1
10.12	1
10.13	1
10.14	1
10.15	1
10.16	1
10.17	1
10.18	1
10.19	1
10.2	1
10.21	1
10.22	1
10.23	1
10.24	1
10.25	1
10.26	1
10.27	1
10.28	1
10.29	1
10.3	1
10.31	1
10.32	1
10.33	1
10.34	1
10.35	1
10.36	1
10.37	1
10.38	1
10.39	1
10.4	1
10.41	1
10.42	1
10.43	1
10.44	1
10.45	1
10.46	1
10.47	1
10.48	1
10.49	1
10.5	1
10.51	1
10.52	1
10.53	1
10.54	1
10.55	1
10.56	1
10.57	1
10.58	1
10.59	1
10.6	1
10.61	1
10.62	1
10.63	1
10.64	1
10.65	1
10.66	1
10.67	1
10.68	1
10.69	1
10.7	1
10.71	1
10.72	1
10.73	1
10.74	1
10.75	1
10.76	1
10.77	1
10.78	1
10.79	1
10.8	1
10.81	1
10.82	1
10.83	1
10.84	1
10.85	1
10.86	1
10.87	1
10.88	1
10.89	1
10.9	1
10.91	1
10.92	1
10.93	1
10.94	1
10.95	1
10.96	1
10.97	1
10.98	1
10.99	1
11	0
11.01	0
11.02	0
11.03	0
11.04	0
11.05	0
11.06	0
11.07	0
11.08	0
11.09	0
11.1	0
11.11	0
11.12	0
11.13	0
11.14	0
11.15	0
11.16	0
11.17	0
11.18	0
11.19	0
11.2	0
11.21	0
11.22	0
11.23	0
11.24	0
11.25	0
11.26	0
11.27	0
11.28	0
11.29	0
11.3	0
11.31	0
11.32	0
11.33	0
11.34	0
11.35	0
11.36	0
11.37	0
11.38	0
11.39	0
11.4	0
11.41	0
11.42	0
11.43	0
11.44	0
11.45	0
11.46	0
11.47	0
11.48	0
11.49	0
11.5	0
11.51	0
11.52	0
11.53	0
11.54	0
11.55	0
11.56	0
11.57	0
11.58	0
11.59	0
11.6	0
11.61	0
11.62	0
11.63	0
11.64	0
11.65	0
11.66	0
11.67	0
11.68	0
11.69	0
11.7	0
11.71	0
11.72	0
11.73	0
11.74	0
11.75	0
11.76	0
11.77	0
11.78	0
11.79	0
11.8	0
11.81	0
11.82	0
11.83	0
11.84	0
11.85	0
11.86	0
11.87	0
11.88	0
11.89	0
11.9	0
11.91	0
11.92	0
11.93	0
11.94	0
11.95	0
11.96	0
11.97	0
11.98	0
11.99	0
12	0
12.01	0
12.02	0
12.03	0
12.04	0
12.05	0
12.06	0
12.07	0
12.08	0
12.09	0
12.1	0
12.11	0
12.12	0
12.13	0
12.14	0
12.15	0
12.16	0
12.17	0
12.18	0
12.19	0
12.2	0
12.21	0
12.22	0
12.23	0
12.24	0
12.25	0
12.26	0
12.27	0
12.28	0
12.29	0
12.3	0
12.31	0
12.32	0
12.33	0
12.34	0
12.35	0
12.36	0
12.37	0
12.38	0
12.39	0
12.4	0
12.41	0
12.42	0
12.43	0
12.44	0
12.45	0
12.46	0
12.47	0
12.48	0
12.49	0
12.5	0
12.51	0
12.52	0
12.53	0
12.54	0
12.55	0
12.56	0
12.57	0
12.58	0
12.59	0
12.6	0
12.61	0
12.62	0
12.63	0
12.64	0
12.65	0
12.66	0
12.67	0
12.68	0
12.69	0
12.7	0
12.71	0
12.72	0
12.73	0
12.74	0
12.75	0
12.76	0
12.77	0
12.78	0
12.79	0
12.8	0
12.81	0
12.82	0
12.83	0
12.84	0
12.85	0
12.86	0
12.87	0
12.88	0
12.89	0
12.9	0
12.91	0
12.92	0
12.93	0
12.94	0
12.95	0
12.96	0
12.97	0
12.98	0
12.99	0
13	0
13.01	0
13.02	0
13.03	0
13.04	0
13.05	0
13.06	0
13.07	0
13.08	0
13.09	0
13.1	0
13.11	0
13.12	0
13.13	0
13.14	0
13.15	0
13.16	0
13.17	0
13.18	0
13.19	0
13.2	0
13.21	0
13.22	0
13.23	0
13.24	0
13.25	0
13.26	0
13.27	0
13.28	0
13.29	0
13.3	0
13.31	0
13.32	0
13.33	0
13.34	0
13.35	0
13.36	0
13.37	0
13.38	0
13.39	0
13.4	0
13.41	0
13.42	0
13.43	0
13.44	0
13.45	0
13.46	0
13.47	0
13.48	0
13.49	0
13.5	0
13.51	0
13.52	0
13.53	0
13.54	0
13.55	0
13.56	0
13.57	0
13.58	0
13.59	0
13.6	0
13.61	0
13.62	0
13.63	0
13.64	0
13.65	0
13.66	0
13.67	0
13.68	0
13.69	0
13.7	0
13.71	0
13.72	0
13.73	0
13.74	0
13.75	0
13.76	0
13.77	0
13.78	0
13.79	0
13.8	0
13.81	0
13.82	0
13.83	0
13.84	0
13.85	0
13.86	0
13.87	0
13.88	0
13.89	0
13.9	0
13.91	0
13.92	0
13.93	0
13.94	0
13.95	0
13.96	0
13.97	0
13.98	0
13.99	0
14	0
14.01	0
14.02	0
14.03	0
14.04	0
14.05	0
14.06	0
14.07	0
14.08	0
14.09	0
14.1	0
14.11	0
14.12	0
14.13	0
14.14	0
14.15	0
14.16	0
14.17	0
14.18	0
14.19	0
14.2	0
14.21	0
14.22	0
14.23	0
14.24	0
14.25	0
14.26	0
14.27	0
14.28	0
14.29	0
14.3	0
14.31	0
14.32	0
14.33	0
14.34	0
14.35	0
14.36	0
14.37	0
14.38	0
14.39	0
14.4	0
14.41	0
14.42	0
14.43	0
14.44	0
14.45	0
14.46	0
14.47	0
14.48	0
14.49	0
14.5	0
14.51	0
14.52	0
14.53	0
14.54	0
14.55	0
14.56	0
14.57	0
14.58	0
14.59	0
14.6	0
14.61	0
14.62	0
14.63	0
14.64	0
14.65	0
14.66	0
14.67	0
14.68	0
14.69	0
14.7	0
14.71	0
14.72	0
14.73	0
14.74	0
14.75	0
14.76	0
14.77	0
14.78	0
14.79	0
14.8	0
14.81	0
14.82	0
14.83	0
14.84	0
14.85	0
14.86	0
14.87	0
14.88	0
14.89	0
14.9	0
14.91	0
14.92	0
14.93	0
14.94	0
14.95	0
14.96	0
14.97	0
14.98	0
14.99	0
15	0
15.01	0
15.02	0
15.03	0
15.04	0
15.05	0
15.06	0
15.07	0
15.08	0
15.09	0
15.1	0
15.11	0
15.12	0
15.13	0
15.14	0
15.15	0
15.16	0
15.17	0
15.18	0
15.19	0
15.2	0
15.21	0
15.22	0
15.23	0
15.24	0
15.25	0
15.26	0
15.27	0
15.28	0
15.29	0
15.3	0
15.31	0
15.32	0
15.33	0
15.34	0
15.35	0
15.36	0
15.37	0
15.38	0
15.39	0
15.4	0
15.41	0
15.42	0
15.43	0
15.44	0
15.45	0
15.46	0
15.47	0
15.48	0
15.49	0
15.5	0
15.51	0
15.52	0
15.53	0
15.54	0
15.55	0
15.56	0
15.57	0
15.58	0
15.59	0
15.6	0
15.61	0
15.62	0
15.63	0
15.64	0
15.65	0
15.66	0
15.67	0
15.68	0
15.69	0
15.7	0
15.71	0
15.72	0
15.73	0
15.74	0
15.75	0
15.76	0
15.77	0
15.78	0
15.79	0
15.8	0
15.81	0
15.82	0
15.83	0
15.84	0
15.85	0
15.86	0
15.87	0
15.88	0
15.89	0
15.9	0
15.91	0
15.92	0
15.93	0
15.94	0
15.95	0
15.96	0
15.97	0
15.98	0
15.99	0
16	0
16.01	0
16.02	0
16.03	0
16.04	0
16.05	0
16.06	0
16.07	0
16.08	0
16.09	0
16.1	0
16.11	0
16.12	0
16.13	0
16.14	0
16.15	0
16.16	0
16.17	0
16.18	0
16.19	0
16.2	0
16.21	0
16.22	0
16.23	0
16.24	0
16.25	0
16.26	0
16.27	0
16.28	0
16.29	0
16.3	0
16.31	0
16.32	0
16.33	0
16.34	0
16.35	0
16.36	0
16.37	0
16.38	0
16.39	0
16.4	0
16.41	0
16.42	0
16.43	0
16.44	0
16.45	0
16.46	0
16.47	0
16.48	0
16.49	0
16.5	0
16.51	0
16.52	0
16.53	0
16.54	0
16.55	0
16.56	0
16.57	0
16.58	0
16.59	0
16.6	0
16.61	0
16.62	0
16.63	0
16.64	0
16.65	0
16.66	0
16.67	0
16.68	0
16.69	0
16.7	0
16.71	0
16.72	0
16.73	0
16.74	0
16.75	0
16.76	0
16.77	0
16.78	0
16.79	0
16.8	0
16.81	0
16.82	0
16.83	0
16.84	0
16.85	0
16.86	0
16.87	0
16.88	0
16.89	0
16.9	0
16.91	0
16.92	0
16.93	0
16.94	0
16.95	0
16.96	0
16.97	0
16.98	0
16.99	0
17	0
17.01	0
17.02	0
17.03	0
17.04	0
17.05	0
17.06	0
17.07	0
17.08	0
17.09	0
17.1	0
17.11	0
17.12	0
17.13	0
17.14	0
17.15	0
17.16	0
17.17	0
17.18	0
17.19	0
17.2	0
17.21	0
17.22	0
17.23	0
17.24	0
17.25	0
17.26	0
17.27	0
17.28	0
17.29	0
17.3	0
17.31	0
17.32	0
17.33	0
17.34	0
17.35	0
17.36	0
17.37	0
17.38	0
17.39	0
17.4	0
17.41	0
17.42	0
17.43	0
17.44	0
17.45	0
17.46	0
17.47	0
17.48	0
17.49	0
17.5	0
17.51	0
17.52	0
17.53	0
17.54	0
17.55	0
17.56	0
17.57	0
17.58	0
17.59	0
17.6	0
17.61	0
17.62	0
17.63	0
17.64	0
17.65	0
17.66	0
17.67	0
17.68	0
17.69	0
17.7	0
17.71	0
17.72	0
17.73	0
17.74	0
17.75	0
17.76	0
17.77	0
17.78	0
17.79	0
17.8	0
17.81	0
17.82	0
17.83	0
17.84	0
17.85	0
17.86	0
17.87	0
17.88	0
17.89	0
17.9	0
17.91	0
17.92	0
17.93	0
17.94	0
17.95	0
17.96	0
17.97	0
17.98	0
17.99	0
18	0
18.01	0
18.02	0
18.03	0
18.04	0
18.05	0
18.06	0
18.07	0
18.08	0
18.09	0
18.1	0
18.11	0
18.12	0
18.13	0
18.14	0
18.15	0
18.16	0
18.17	0
18.18	0
18.19	0
18.2	0
18.21	0
18.22	0
18.23	0
18.24	0
18.25	0
18.26	0
18.27	0
18.28	0
18.29	0
18.3	0
18.31	0
18.32	0
18.33	0
18.34	0
18.35	0
18.36	0
18.37	0
18.38	0
18.39	0
18.4	0
18.41	0
18.42	0
18.43	0
18.44	0
18.45	0
18.46	0
18.47	0
18.48	0
18.49	0
18.5	0
18.51	0
18.52	0
18.53	0
18.54	0
18.55	0
18.56	0
18.57	0
18.58	0
18.59	0
18.6	0
18.61	0
18.62	0
18.63	0
18.64	0
18.65	0
18.66	0
18.67	0
18.68	0
18.69	0
18.7	0
18.71	0
18.72	0
18.73	0
18.74	0
18.75	0
18.76	0
18.77	0
18.78	0
18.79	0
18.8	0
18.81	0
18.82	0
18.83	0
18.84	0
18.85	0
18.86	0
18.87	0
18.88	0
18.89	0
18.9	0
18.91	0
18.92	0
18.93	0
18.94	0
18.95	0
18.96	0
18.97	0
18.98	0
18.99	0
19	0
19.01	0
19.02	0
19.03	0
19.04	0
19.05	0
19.06	0
19.07	0
19.08	0
19.09	0
19.1	0
19.11	0
19.12	0
19.13	0
19.14	0
19.15	0
19.16	0
19.17	0
19.18	0
19.19	0
19.2	0
19.21	0
19.22	0
19.23	0
19.24	0
19.25	0
19.26	0
19.27	0
19.28	0
19.29	0
19.3	0
19.31	0
19.32	0
19.33	0
19.34	0
19.35	0
19.36	0
19.37	0
19.38	0
19.39	0
19.4	0
19.41	0
19.42	0
19.43	0
19.44	0
19.45	0
19.46	0
19.47	0
19.48	0
19.49	0
19.5	0
19.51	0
19.52	0
19.53	0
19.54	0
19.55	0
19.56	0
19.57	0
19.58	0
19.59	0
19.6	0
19.61	0
19.62	0
19.63	0
19.64	0
19.65	0
19.66	0
19.67	0
19.68	0
19.69	0
19.7	0
19.71	0
19.72	0
19.73	0
19.74	0
19.75	0
19.76	0
19.77	0
19.78	0
19.79	0
19.8	0
19.81	0
19.82	0
19.83	0
19.84	0
19.85	0
19.86	0
19.87	0
19.88	0
19.89	0
19.9	0
19.91	0
19.92	0
19.93	0
19.94	0
19.95	0
19.96	0
19.97	0
19.98	0
19.99	0
20	0
20.01	0
20.02	0
20.03	0
20.04	0
20.05	0
20.06	0
20.07	0
20.08	0
20.09	0
20.1	0
20.11	0
20.12	0
20.13	0
20.14	0
20.15	0
20.16	0
20.17	0
20.18	0
20.19	0
20.2	0
20.21	0
20.22	0
20.23	0
20.24	0
20.25	0
20.26	0
20.27	0
20.28	0
20.29	0
20.3	0
20.31	0
20.32	0
20.33	0
20.34	0
20.35	0
20.36	0
20.37	0
20.38	0
20.39	0
20.4	0
20.41	0
20.42	0
20.43	0
20.44	0
20.45	0
20.46	0
20.47	0
20.48	0
20.49	0
20.5	0
20.51	0
20.52	0
20.53	0
20.54	0
20.55	0
20.56	0
20.57	0
20.58	0
20.59	0
20.6	0
20.61	0
20.62	0
20.63	0
20.64	0
20.65	0
20.66	0
20.67	0
20.68	0
20.69	0
20.7	0
20.71	0
20.72	0
20.73	0
20.74	0
20.75	0
20.76	0
20.77	0
20.78	0
20.79	0
20.8	0
20.81	0
20.82	0
20.83	0
20.84	0
20.85	0
20.86	0
20.87	0
20.88	0
20.89	0
20.9	0
20.91	0
20.92	0
20.93	0
20.94	0
20.95	0
20.96	0
20.97	0
20.98	0
20.99	0
21	1
21.01	1
21.02	1
21.03	1
21.04	1
21.05	1
21.06	1
21.07	1
21.08	1
21.09	1
21.1	1
21.11	1
21.12	1
21.13	1
21.14	1
21.15	1
21.16	1
21.17	1
21.18	1
21.19	1
21.2	1
21.21	1
21.22	1
21.23	1
21.24	1
21.25	1
21.26	1
21.27	1
21.28	1
21.29	1
21.3	1
21.31	1
21.32	1
21.33	1
21.34	1
21.35	1
21.36	1
21.37	1
21.38	1
21.39	1
21.4	1
21.41	1
21.42	1
21.43	1
21.44	1
21.45	1
21.46	1
21.47	1
21.48	1
21.49	1
21.5	1
21.51	1
21.52	1
21.53	1
21.54	1
21.55	1
21.56	1
21.57	1
21.58	1
21.59	1
21.6	1
21.61	1
21.62	1
21.63	1
21.64	1
21.65	1
21.66	1
21.67	1
21.68	1
21.69	1
21.7	1
21.71	1
21.72	1
21.73	1
21.74	1
21.75	1
21.76	1
21.77	1
21.78	1
21.79	1
21.8	1
21.81	1
21.82	1
21.83	1
21.84	1
21.85	1
21.86	1
21.87	1
21.88	1
21.89	1
21.9	1
21.91	1
21.92	1
21.93	1
21.94	1
21.95	1
21.96	1
21.97	1
21.98	1
21.99	1
22	1
22.01	1
22.02	1
22.03	1
22.04	1
22.05	1
22.06	1
22.07	1
22.08	1
22.09	1
22.1	1
22.11	1
22.12	1
22.13	1
22.14	1
22.15	1
22.16	1
22.17	1
22.18	1
22.19	1
22.2	1
22.21	1
22.22	1
22.23	1
22.24	1
22.25	1
22.26	1
22.27	1
22.28	1
22.29	1
22.3	1
22.31	1
22.32	1
22.33	1
22.34	1
22.35	1
22.36	1
22.37	1
22.38	1
22.39	1
22.4	1
22.41	1
22.42	1
22.43	1
22.44	1
22.45	1
22.46	1
22.47	1
22.48	1
22.49	1
22.5	1
22.51	1
22.52	1
22.53	1
22.54	1
22.55	1
22.56	1
22.57	1
22.58	1
22.59	1
22.6	1
22.61	1
22.62	1
22.63	1
22.64	1
22.65	1
22.66	1
22.67	1
22.68	1
22.69	1
22.7	1
22.71	1
22.72	1
22.73	1
22.74	1
22.75	1
22.76	1
22.77	1
22.78	1
22.79	1
22.8	1
22.81	1
22.82	1
22.83	1
22.84	1
22.85	1
22.86	1
22.87	1
22.88	1
22.89	1
22.9	1
22.91	1
22.92	1
22.93	1
22.94	1
22.95	1
22.96	1
22.97	1
22.98	1
22.99	1
23	1
23.01	1
23.02	1
23.03	1
23.04	1
23.05	1
23.06	1
23.07	1
23.08	1
23.09	1
23.1	1
23.11	1
23.12	1
23.13	1
23.14	1
23.15	1
23.16	1
23.17	1
23.18	1
23.19	1
23.2	1
23.21	1
23.22	1
23.23	1
23.24	1
23.25	1
23.26	1
23.27	1
23.28	1
23.29	1
23.3	1
23.31	1
23.32	1
23.33	1
23.34	1
23.35	1
23.36	1
23.37	1
23.38	1
23.39	1
23.4	1
23.41	1
23.42	1
23.43	1
23.44	1
23.45	1
23.46	1
23.47	1
23.48	1
23.49	1
23.5	1
23.51	1
23.52	1
23.53	1
23.54	1
23.55	1
23.56	1
23.57	1
23.58	1
23.59	1
23.6	1
23.61	1
23.62	1
23.63	1
23.64	1
23.65	1
23.66	1
23.67	1
23.68	1
23.69	1
23.7	1
23.71	1
23.72	1
23.73	1
23.74	1
23.75	1
23.76	1
23.77	1
23.78	1
23.79	1
23.8	1
23.81	1
23.82	1
23.83	1
23.84	1
23.85	1
23.86	1
23.87	1
23.88	1
23.89	1
23.9	1
23.91	1
23.92	1
23.93	1
23.94	1
23.95	1
23.96	1
23.97	1
23.98	1
23.99	1
24	1
24.01	1
24.02	1
24.03	1
24.04	1
24.05	1
24.06	1
24.07	1
24.08	1
24.09	1
24.1	1
24.11	1
24.12	1
24.13	1
24.14	1
24.15	1
24.16	1
24.17	1
24.18	1
24.19	1
24.2	1
24.21	1
24.22	1
24.23	1
24.24	1
24.25	1
24.26	1
24.27	1
24.28	1
24.29	1
24.3	1
24.31	1
24.32	1
24.33	1
24.34	1
24.35	1
24.36	1
24.37	1
24.38	1
24.39	1
24.4	1
24.41	1
24.42	1
24.43	1
24.44	1
24.45	1
24.46	1
24.47	1
24.48	1
24.49	1
24.5	1
24.51	1
24.52	1
24.53	1
24.54	1
24.55	1
24.56	1
24.57	1
24.58	1
24.59	1
24.6	1
24.61	1
24.62	1
24.63	1
24.64	1
24.65	1
24.66	1
24.67	1
24.68	1
24.69	1
24.7	1
24.71	1
24.72	1
24.73	1
24.74	1
24.75	1
24.76	1
24.77	1
24.78	1
24.79	1
24.8	1
24.81	1
24.82	1
24.83	1
24.84	1
24.85	1
24.86	1
24.87	1
24.88	1
24.89	1
24.9	1
24.91	1
24.92	1
24.93	1
24.94	1
24.95	1
24.96	1
24.97	1
24.98	1
24.99	1
25	1
25.01	1
25.02	1
25.03	1
25.04	1
25.05	1
25.06	1
25.07	1
25.08	1
25.09	1
25.1	1
25.11	1
25.12	1
25.13	1
25.14	1
25.15	1
25.16	1
25.17	1
25.18	1
25.19	1
25.2	1
25.21	1
25.22	1
25.23	1
25.24	1
25.25	1
25.26	1
25.27	1
25.28	1
25.29	1
25.3	1
25.31	1
25.32	1
25.33	1
25.34	1
25.35	1
25.36	1
25.37	1
25.38	1
25.39	1
25.4	1
25.41	1
25.42	1
25.43	1
25.44	1
25.45	1
25.46	1
25.47	1
25.48	1
25.49	1
25.5	1
25.51	1
25.52	1
25.53	1
25.54	1
25.55	1
25.56	1
25.57	1
25.58	1
25.59	1
25.6	1
25.61	1
25.62	1
25.63	1
25.64	1
25.65	1
25.66	1
25.67	1
25.68	1
25.69	1
25.7	1
25.71	1
25.72	1
25.73	1
25.74	1
25.75	1
25.76	1
25.77	1
25.78	1
25.79	1
25.8	1
25.81	1
25.82	1
25.83	1
25.84	1
25.85	1
25.86	1
25.87	1
25.88	1
25.89	1
25.9	1
25.91	1
25.92	1
25.93	1
25.94	1
25.95	1
25.96	1
25.97	1
25.98	1
25.99	1
26	1
26.01	1
26.02	1
26.03	1
26.04	1
26.05	1
26.06	1
26.07	1
26.08	1
26.09	1
26.1	1
26.11	1
26.12	1
26.13	1
26.14	1
26.15	1
26.16	1
26.17	1
26.18	1
26.19	1
26.2	1
26.21	1
26.22	1
26.23	1
26.24	1
26.25	1
26.26	1
26.27	1
26.28	1
26.29	1
26.3	1
26.31	1
26.32	1
26.33	1
26.34	1
26.35	1
26.36	1
26.37	1
26.38	1
26.39	1
26.4	1
26.41	1
26.42	1
26.43	1
26.44	1
26.45	1
26.46	1
26.47	1
26.48	1
26.49	1
26.5	1
26.51	1
26.52	1
26.53	1
26.54	1
26.55	1
26.56	1
26.57	1
26.58	1
26.59	1
26.6	1
26.61	1
26.62	1
26.63	1
26.64	1
26.65	1
26.66	1
26.67	1
26.68	1
26.69	1
26.7	1
26.71	1
26.72	1
26.73	1
26.74	1
26.75	1
26.76	1
26.77	1
26.78	1
26.79	1
26.8	1
26.81	1
26.82	1
26.83	1
26.84	1
26.85	1
26.86	1
26.87	1
26.88	1
26.89	1
26.9	1
26.91	1
26.92	1
26.93	1
26.94	1
26.95	1
26.96	1
26.97	1
26.98	1
26.99	1
27	1
27.01	1
27.02	1
27.03	1
27.04	1
27.05	1
27.06	1
27.07	1
27.08	1
27.09	1
27.1	1
27.11	1
27.12	1
27.13	1
27.14	1
27.15	1
27.16	1
27.17	1
27.18	1
27.19	1
27.2	1
27.21	1
27.22	1
27.23	1
27.24	1
27.25	1
27.26	1
27.27	1
27.28	1
27.29	1
27.3	1
27.31	1
27.32	1
27.33	1
27.34	1
27.35	1
27.36	1
27.37	1
27.38	1
27.39	1
27.4	1
27.41	1
27.42	1
27.43	1
27.44	1
27.45	1
27.46	1
27.47	1
27.48	1
27.49	1
27.5	1
27.51	1
27.52	1
27.53	1
27.54	1
27.55	1
27.56	1
27.57	1
27.58	1
27.59	1
27.6	1
27.61	1
27.62	1
27.63	1
27.64	1
27.65	1
27.66	1
27.67	1
27.68	1
27.69	1
27.7	1
27.71	1
27.72	1
27.73	1
27.74	1
27.75	1
27.76	1
27.77	1
27.78	1
27.79	1
27.8	1
27.81	1
27.82	1
27.83	1
27.84	1
27.85	1
27.86	1
27.87	1
27.88	1
27.89	1
27.9	1
27.91	1
27.92	1
27.93	1
27.94	1
27.95	1
27.96	1
27.97	1
27.98	1
27.99	1
28	1
28.01	1
28.02	1
28.03	1
28.04	1
28.05	1
28.06	1
28.07	1
28.08	1
28.09	1
28.1	1
28.11	1
28.12	1
28.13	1
28.14	1
28.15	1
28.16	1
28.17	1
28.18	1
28.19	1
28.2	1
28.21	1
28.22	1
28.23	1
28.24	1
28.25	1
28.26	1
28.27	1
28.28	1
28.29	1
28.3	1
28.31	1
28.32	1
28.33	1
28.34	1
28.35	1
28.36	1
28.37	1
28.38	1
28.39	1
28.4	1
28.41	1
28.42	1
28.43	1
28.44	1
28.45	1
28.46	1
28.47	1
28.48	1
28.49	1
28.5	1
28.51	1
28.52	1
28.53	1
28.54	1
28.55	1
28.56	1
28.57	1
28.58	1
28.59	1
28.6	1
28.61	1
28.62	1
28.63	1
28.64	1
28.65	1
28.66	1
28.67	1
28.68	1
28.69	1
28.7	1
28.71	1
28.72	1
28.73	1
28.74	1
28.75	1
28.76	1
28.77	1
28.78	1
28.79	1
28.8	1
28.81	1
28.82	1
28.83	1
28.84	1
28.85	1
28.86	1
28.87	1
28.88	1
28.89	1
28.9	1
28.91	1
28.92	1
28.93	1
28.94	1
28.95	1
28.96	1
28.97	1
28.98	1
28.99	1
29	1
29.01	1
29.02	1
29.03	1
29.04	1
29.05	1
29.06	1
29.07	1
29.08	1
29.09	1
29.1	1
29.11	1
29.12	1
29.13	1
29.14	1
29.15	1
29.16	1
29.17	1
29.18	1
29.19	1
29.2	1
29.21	1
29.22	1
29.23	1
29.24	1
29.25	1
29.26	1
29.27	1
29.28	1
29.29	1
29.3	1
29.31	1
29.32	1
29.33	1
29.34	1
29.35	1
29.36	1
29.37	1
29.38	1
29.39	1
29.4	1
29.41	1
29.42	1
29.43	1
29.44	1
29.45	1
29.46	1
29.47	1
29.48	1
29.49	1
29.5	1
29.51	1
29.52	1
29.53	1
29.54	1
29.55	1
29.56	1
29.57	1
29.58	1
29.59	1
29.6	1
29.61	1
29.62	1
29.63	1
29.64	1
29.65	1
29.66	1
29.67	1
29.68	1
29.69	1
29.7	1
29.71	1
29.72	1
29.73	1
29.74	1
29.75	1
29.76	1
29.77	1
29.78	1
29.79	1
29.8	1
29.81	1
29.82	1
29.83	1
29.84	1
29.85	1
29.86	1
29.87	1
29.88	1
29.89	1
29.9	1
29.91	1
29.92	1
29.93	1
29.94	1
29.95	1
29.96	1
29.97	1
29.98	1
29.99	1
30	1
30.01	1
30.02	1
30.03	1
30.04	1
30.05	1
30.06	1
30.07	1
30.08	1
30.09	1
30.1	1
30.11	1
30.12	1
30.13	1
30.14	1
30.15	1
30.16	1
30.17	1
30.18	1
30.19	1
30.2	1
30.21	1
30.22	1
30.23	1
30.24	1
30.25	1
30.26	1
30.27	1
30.28	1
30.29	1
30.3	1
30.31	1
30.32	1
30.33	1
30.34	1
30.35	1
30.36	1
30.37	1
30.38	1
30.39	1
30.4	1
30.41	1
30.42	1
30.43	1
30.44	1
30.45	1
30.46	1
30.47	1
30.48	1
30.49	1
30.5	1
30.51	1
30.52	1
30.53	1
30.54	1
30.55	1
30.56	1
30.57	1
30.58	1
30.59	1
30.6	1
30.61	1
30.62	1
30.63	1
30.64	1
30.65	1
30.66	1
30.67	1
30.68	1
30.69	1
30.7	1
30.71	1
30.72	1
30.73	1
30.74	1
30.75	1
30.76	1
30.77	1
30.78	1
30.79	1
30.8	1
30.81	1
30.82	1
30.83	1
30.84	1
30.85	1
30.86	1
30.87	1
30.88	1
30.89	1
30.9	1
30.91	1
30.92	1
30.93	1
30.94	1
30.95	1
30.96	1
30.97	1
30.98	1
30.99	1
31	0
31.01	0
31.02	0
31.03	0
31.04	0
31.05	0
31.06	0
31.07	0
31.08	0
31.09	0
31.1	0
31.11	0
31.12	0
31.13	0
31.14	0
31.15	0
31.16	0
31.17	0
31.18	0
31.19	0
31.2	0
31.21	0
31.22	0
31.23	0
31.24	0
31.25	0
31.26	0
31.27	0
31.28	0
31.29	0
31.3	0
31.31	0
31.32	0
31.33	0
31.34	0
31.35	0
31.36	0
31.37	0
31.38	0
31.39	0
31.4	0
31.41	0
31.42	0
31.43	0
31.44	0
31.45	0
31.46	0
31.47	0
31.48	0
31.49	0
31.5	0
31.51	0
31.52	0
31.53	0
31.54	0
31.55	0
31.56	0
31.57	0
31.58	0
31.59	0
31.6	0
31.61	0
31.62	0
31.63	0
31.64	0
31.65	0
31.66	0
31.67	0
31.68	0
31.69	0
31.7	0
31.71	0
31.72	0
31.73	0
31.74	0
31.75	0
31.76	0
31.77	0
31.78	0
31.79	0
31.8	0
31.81	0
31.82	0
31.83	0
31.84	0
31.85	0
31.86	0
31.87	0
31.88	0
31.89	0
31.9	0
31.91	0
31.92	0
31.93	0
31.94	0
31.95	0
31.96	0
31.97	0
31.98	0
31.99	0
32	0
32.01	0
32.02	0
32.03	0
32.04	0
32.05	0
32.06	0
32.07	0
32.08	0
32.09	0
32.1	0
32.11	0
32.12	0
32.13	0
32.14	0
32.15	0
32.16	0
32.17	0
32.18	0
32.19	0
32.2	0
32.21	0
32.22	0
32.23	0
32.24	0
32.25	0
32.26	0
32.27	0
32.28	0
32.29	0
32.3	0
32.31	0
32.32	0
32.33	0
32.34	0
32.35	0
32.36	0
32.37	0
32.38	0
32.39	0
32.4	0
32.41	0
32.42	0
32.43	0
32.44	0
32.45	0
32.46	0
32.47	0
32.48	0
32.49	0
32.5	0
32.51	0
32.52	0
32.53	0
32.54	0
32.55	0
32.56	0
32.57	0
32.58	0
32.59	0
32.6	0
32.61	0
32.62	0
32.63	0
32.64	0
32.65	0
32.66	0
32.67	0
32.68	0
32.69	0
32.7	0
32.71	0
32.72	0
32.73	0
32.74	0
32.75	0
32.76	0
32.77	0
32.78	0
32.79	0
32.8	0
32.81	0
32.82	0
32.83	0
32.84	0
32.85	0
32.86	0
32.87	0
32.88	0
32.89	0
32.9	0
32.91	0
32.92	0
32.93	0
32.94	0
32.95	0
32.96	0
32.97	0
32.98	0
32.99	0
33	0
33.01	0
33.02	0
33.03	0
33.04	0
33.05	0
33.06	0
33.07	0
33.08	0
33.09	0
33.1	0
33.11	0
33.12	0
33.13	0
33.14	0
33.15	0
33.16	0
33.17	0
33.18	0
33.19	0
33.2	0
33.21	0
33.22	0
33.23	0
33.24	0
33.25	0
33.26	0
33.27	0
33.28	0
33.29	0
33.3	0
33.31	0
33.32	0
33.33	0
33.34	0
33.35	0
33.36	0
33.37	0
33.38	0
33.39	0
33.4	0
33.41	0
33.42	0
33.43	0
33.44	0
33.45	0
33.46	0
33.47	0
33.48	0
33.49	0
33.5	0
33.51	0
33.52	0
33.53	0
33.54	0
33.55	0
33.56	0
33.57	0
33.58	0
33.59	0
33.6	0
33.61	0
33.62	0
33.63	0
33.64	0
33.65	0
33.66	0
33.67	0
33.68	0
33.69	0
33.7	0
33.71	0
33.72	0
33.73	0
33.74	0
33.75	0
33.76	0
33.77	0
33.78	0
33.79	0
33.8	0
33.81	0
33.82	0
33.83	0
33.84	0
33.85	0
33.86	0
33.87	0
33.88	0
33.89	0
33.9	0
33.91	0
33.92	0
33.93	0
33.94	0
33.95	0
33.96	0
33.97	0
33.98	0
33.99	0
34	0
34.01	0
34.02	0
34.03	0
34.04	0
34.05	0
34.06	0
34.07	0
34.08	0
34.09	0
34.1	0
34.11	0
34.12	0
34.13	0
34.14	0
34.15	0
34.16	0
34.17	0
34.18	0
34.19	0
34.2	0
34.21	0
34.22	0
34.23	0
34.24	0
34.25	0
34.26	0
34.27	0
34.28	0
34.29	0
34.3	0
34.31	0
34.32	0
34.33	0
34.34	0
34.35	0
34.36	0
34.37	0
34.38	0
34.39	0
34.4	0
34.41	0
34.42	0
34.43	0
34.44	0
34.45	0
34.46	0
34.47	0
34.48	0
34.49	0
34.5	0
34.51	0
34.52	0
34.53	0
34.54	0
34.55	0
34.56	0
34.57	0
34.58	0
34.59	0
34.6	0
34.61	0
34.62	0
34.63	0
34.64	0
34.65	0
34.66	0
34.67	0
34.68	0
34.69	0
34.7	0
34.71	0
34.72	0
34.73	0
34.74	0
34.75	0
34.76	0
34.77	0
34.78	0
34.79	0
34.8	0
34.81	0
34.82	0
34.83	0
34.84	0
34.85	0
34.86	0
34.87	0
34.88	0
34.89	0
34.9	0
34.91	0
34.92	0
34.93	0
34.94	0
34.95	0
34.96	0
34.97	0
34.98	0
34.99	0
35	0
35.01	0
35.02	0
35.03	0
35.04	0
35.05	0
35.06	0
35.07	0
35.08	0
35.09	0
35.1	0
35.11	0
35.12	0
35.13	0
35.14	0
35.15	0
35.16	0
35.17	0
35.18	0
35.19	0
35.2	0
35.21	0
35.22	0
35.23	0
35.24	0
35.25	0
35.26	0
35.27	0
35.28	0
35.29	0
35.3	0
35.31	0
35.32	0
35.33	0
35.34	0
35.35	0
35.36	0
35.37	0
35.38	0
35.39	0
35.4	0
35.41	0
35.42	0
35.43	0
35.44	0
35.45	0
35.46	0
35.47	0
35.48	0
35.49	0
35.5	0
35.51	0
35.52	0
35.53	0
35.54	0
35.55	0
35.56	0
35.57	0
35.58	0
35.59	0
35.6	0
35.61	0
35.62	0
35.63	0
35.64	0
35.65	0
35.66	0
35.67	0
35.68	0
35.69	0
35.7	0
35.71	0
35.72	0
35.73	0
35.74	0
35.75	0
35.76	0
35.77	0
35.78	0
35.79	0
35.8	0
35.81	0
35.82	0
35.83	0
35.84	0
35.85	0
35.86	0
35.87	0
35.88	0
35.89	0
35.9	0
35.91	0
35.92	0
35.93	0
35.94	0
35.95	0
35.96	0
35.97	0
35.98	0
35.99	0
36	0
36.01	0
36.02	0
36.03	0
36.04	0
36.05	0
36.06	0
36.07	0
36.08	0
36.09	0
36.1	0
36.11	0
36.12	0
36.13	0
36.14	0
36.15	0
36.16	0
36.17	0
36.18	0
36.19	0
36.2	0
36.21	0
36.22	0
36.23	0
36.24	0
36.25	0
36.26	0
36.27	0
36.28	0
36.29	0
36.3	0
36.31	0
36.32	0
36.33	0
36.34	0
36.35	0
36.36	0
36.37	0
36.38	0
36.39	0
36.4	0
36.41	0
36.42	0
36.43	0
36.44	0
36.45	0
36.46	0
36.47	0
36.48	0
36.49	0
36.5	0
36.51	0
36.52	0
36.53	0
36.54	0
36.55	0
36.56	0
36.57	0
36.58	0
36.59	0
36.6	0
36.61	0
36.62	0
36.63	0
36.64	0
36.65	0
36.66	0
36.67	0
36.68	0
36.69	0
36.7	0
36.71	0
36.72	0
36.73	0
36.74	0
36.75	0
36.76	0
36.77	0
36.78	0
36.79	0
36.8	0
36.81	0
36.82	0
36.83	0
36.84	0
36.85	0
36.86	0
36.87	0
36.88	0
36.89	0
36.9	0
36.91	0
36.92	0
36.93	0
36.94	0
36.95	0
36.96	0
36.97	0
36.98	0
36.99	0
37	0
37.01	0
37.02	0
37.03	0
37.04	0
37.05	0
37.06	0
37.07	0
37.08	0
37.09	0
37.1	0
37.11	0
37.12	0
37.13	0
37.14	0
37.15	0
37.16	0
37.17	0
37.18	0
37.19	0
37.2	0
37.21	0
37.22	0
37.23	0
37.24	0
37.25	0
37.26	0
37.27	0
37.28	0
37.29	0
37.3	0
37.31	0
37.32	0
37.33	0
37.34	0
37.35	0
37.36	0
37.37	0
37.38	0
37.39	0
37.4	0
37.41	0
37.42	0
37.43	0
37.44	0
37.45	0
37.46	0
37.47	0
37.48	0
37.49	0
37.5	0
37.51	0
37.52	0
37.53	0
37.54	0
37.55	0
37.56	0
37.57	0
37.58	0
37.59	0
37.6	0
37.61	0
37.62	0
37.63	0
37.64	0
37.65	0
37.66	0
37.67	0
37.68	0
37.69	0
37.7	0
37.71	0
37.72	0
37.73	0
37.74	0
37.75	0
37.76	0
37.77	0
37.78	0
37.79	0
37.8	0
37.81	0
37.82	0
37.83	0
37.84	0
37.85	0
37.86	0
37.87	0
37.88	0
37.89	0
37.9	0
37.91	0
37.92	0
37.93	0
37.94	0
37.95	0
37.96	0
37.97	0
37.98	0
37.99	0
38	0
38.01	0
38.02	0
38.03	0
38.04	0
38.05	0
38.06	0
38.07	0
38.08	0
38.09	0
38.1	0
38.11	0
38.12	0
38.13	0
38.14	0
38.15	0
38.16	0
38.17	0
38.18	0
38.19	0
38.2	0
38.21	0
38.22	0
38.23	0
38.24	0
38.25	0
38.26	0
38.27	0
38.28	0
38.29	0
38.3	0
38.31	0
38.32	0
38.33	0
38.34	0
38.35	0
38.36	0
38.37	0
38.38	0
38.39	0
38.4	0
38.41	0
38.42	0
38.43	0
38.44	0
38.45	0
38.46	0
38.47	0
38.48	0
38.49	0
38.5	0
38.51	0
38.52	0
38.53	0
38.54	0
38.55	0
38.56	0
38.57	0
38.58	0
38.59	0
38.6	0
38.61	0
38.62	0
38.63	0
38.64	0
38.65	0
38.66	0
38.67	0
38.68	0
38.69	0
38.7	0
38.71	0
38.72	0
38.73	0
38.74	0
38.75	0
38.76	0
38.77	0
38.78	0
38.79	0
38.8	0
38.81	0
38.82	0
38.83	0
38.84	0
38.85	0
38.86	0
38.87	0
38.88	0
38.89	0
38.9	0
38.91	0
38.92	0
38.93	0
38.94	0
38.95	0
38.96	0
38.97	0
38.98	0
38.99	0
39	0
39.01	0
39.02	0
39.03	0
39.04	0
39.05	0
39.06	0
39.07	0
39.08	0
39.09	0
39.1	0
39.11	0
39.12	0
39.13	0
39.14	0
39.15	0
39.16	0
39.17	0
39.18	0
39.19	0
39.2	0
39.21	0
39.22	0
39.23	0
39.24	0
39.25	0
39.26	0
39.27	0
39.28	0
39.29	0
39.3	0
39.31	0
39.32	0
39.33	0
39.34	0
39.35	0
39.36	0
39.37	0
39.38	0
39.39	0
39.4	0
39.41	0
39.42	0
39.43	0
39.44	0
39.45	0
39.46	0
39.47	0
39.48	0
39.49	0
39.5	0
39.51	0
39.52	0
39.53	0
39.54	0
39.55	0
39.56	0
39.57	0
39.58	0
39.59	0
39.6	0
39.61	0
39.62	0
39.63	0
39.64	0
39.65	0
39.66	0
39.67	0
39.68	0
39.69	0
39.7	0
39.71	0
39.72	0
39.73	0
39.74	0
39.75	0
39.76	0
39.77	0
39.78	0
39.79	0
39.8	0
39.81	0
39.82	0
39.83	0
39.84	0
39.85	0
39.86	0
39.87	0
39.88	0
39.89	0
39.9	0
39.91	0
39.92	0
39.93	0
39.94	0
39.95	0
39.96	0
39.97	0
39.98	0
39.99	0
40	0
